{
  "test_metrics": {
    "accuracy": 0.87279843444227,
    "precision": 0.874693944878939,
    "recall": 0.87279843444227,
    "f1_score": 0.8666086896932059,
    "class_metrics": {
      "gir": {
        "precision": 0.9030612244897959,
        "recall": 0.9315789473684211,
        "f1_score": 0.917098445595855,
        "support": 190.0
      },
      "red_sindhi": {
        "precision": 0.8888888888888888,
        "recall": 0.5647058823529412,
        "f1_score": 0.6906474820143885,
        "support": 85.0
      },
      "sahiwal": {
        "precision": 0.8467432950191571,
        "recall": 0.9364406779661016,
        "f1_score": 0.8893360160965795,
        "support": 236.0
      }
    }
  },
  "training_history": {
    "train_losses": [
      1.0857802644535184,
      0.9287958946063324,
      0.9102295186706421,
      0.9466632720594559,
      0.8898701643682672,
      0.8375027866150616,
      0.835206583707194,
      0.8080164865475296,
      0.800309381217844,
      0.7689608151709822,
      0.736008429286253,
      0.7291172332967543,
      0.6662189227598699,
      0.5952781062218554,
      0.5883613928788434,
      0.5646953187324264,
      0.5375069498563877,
      0.5122896866479036,
      0.5071247226567256,
      0.5147980142262369,
      0.4784547312478609,
      0.4776536851066848,
      0.47152068500470595,
      0.4720191312318302,
      0.45978279430623203,
      0.45387440799361234,
      0.43365287594967966,
      0.45284643816968023,
      0.44216809732480117,
      0.41723040735510686
    ],
    "val_losses": [
      0.892335027807588,
      1.0123360075041916,
      0.8620064387387049,
      0.8702471835908346,
      0.7161488406550439,
      0.886809460891956,
      0.7586040797191425,
      0.708318568400175,
      0.8505177208037648,
      0.7056128633279931,
      0.7033655504112394,
      1.1689563476734874,
      0.4675131211229298,
      0.43665925470457095,
      0.404491941563507,
      0.39264087460949754,
      0.3747329533334331,
      0.36831518507074046,
      0.35885733474331427,
      0.3389017107971525,
      0.3318486055011599,
      0.3224939636608004,
      0.3129477204063318,
      0.30968845332652506,
      0.3043087087937563,
      0.3016906554841808,
      0.29739695456618176,
      0.29200151357763177,
      0.29403948821932485,
      0.29457246853232616
    ],
    "train_accs": [
      0.5088458298230834,
      0.5791912384161751,
      0.5880370682392586,
      0.5741364785172705,
      0.6048862679022746,
      0.6377422072451558,
      0.6524852569502948,
      0.651642796967144,
      0.6529064869418703,
      0.672704296545914,
      0.6866048862679023,
      0.6950294860994103,
      0.7287278854254422,
      0.7468407750631845,
      0.7540016849199662,
      0.7704296545914069,
      0.7830665543386689,
      0.7935973041280538,
      0.7982308340353833,
      0.7914911541701769,
      0.8070766638584667,
      0.8020219039595619,
      0.8142375737152485,
      0.8205560235888795,
      0.8188711036225779,
      0.8239258635214827,
      0.8374052232518955,
      0.8222409435551811,
      0.8268744734625105,
      0.8319292333614153
    ],
    "val_accs": [
      0.5913555992141454,
      0.5756385068762279,
      0.6110019646365422,
      0.6267190569744597,
      0.7092337917485265,
      0.6385068762278978,
      0.6876227897838899,
      0.7328094302554027,
      0.6424361493123771,
      0.7033398821218074,
      0.730844793713163,
      0.5540275049115914,
      0.8388998035363457,
      0.8388998035363457,
      0.8605108055009822,
      0.8722986247544203,
      0.8624754420432219,
      0.8664047151277013,
      0.8722986247544203,
      0.868369351669941,
      0.8742632612966601,
      0.8742632612966601,
      0.8762278978388998,
      0.8860510805500982,
      0.8899803536345775,
      0.8880157170923378,
      0.8939096267190569,
      0.8998035363457759,
      0.8978388998035363,
      0.8840864440078585
    ],
    "best_epoch": 27,
    "best_val_acc": 0.8998035363457759
  },
  "class_names": [
    "gir",
    "red_sindhi",
    "sahiwal"
  ],
  "num_classes": 3,
  "model_architecture": "resnet18"
}