{
  "overall_accuracy": 95.95959595959596,
  "per_class_accuracy": {
    "jaffarabadi": 100.0,
    "mehsana": 87.5,
    "murrah": 97.82608695652173
  },
  "top3_accuracy": 100.0,
  "classification_report": "              precision    recall  f1-score   support\n\n jaffarabadi      0.967     1.000     0.983        29\n     mehsana      0.955     0.875     0.913        24\n      murrah      0.957     0.978     0.968        46\n\n    accuracy                          0.960        99\n   macro avg      0.960     0.951     0.955        99\nweighted avg      0.959     0.960     0.959        99\n",
  "confusion_matrix": [
    [
      29,
      0,
      0
    ],
    [
      1,
      21,
      2
    ],
    [
      0,
      1,
      45
    ]
  ],
  "num_test_images": 99,
  "classes": [
    "jaffarabadi",
    "mehsana",
    "murrah"
  ],
  "detailed_metrics": {
    "jaffarabadi": {
      "precision": 96.7,
      "recall": 100.0,
      "f1_score": 98.3,
      "support": 29
    },
    "mehsana": {
      "precision": 95.5,
      "recall": 87.5,
      "f1_score": 91.3,
      "support": 24
    },
    "murrah": {
      "precision": 95.7,
      "recall": 97.8,
      "f1_score": 96.8,
      "support": 46
    },
    "macro_avg": {
      "precision": 96.0,
      "recall": 95.1,
      "f1_score": 95.5
    },
    "weighted_avg": {
      "precision": 95.89999999999999,
      "recall": 96.0,
      "f1_score": 95.89999999999999
    }
  },
  "additional_metrics": {
    "specificity": [
      0.9857142857142858,
      0.9866666666666667,
      0.9622641509433962
    ],
    "npv": [
      1.0,
      0.961038961038961,
      0.9807692307692307
    ],
    "mcc": 0.937009874139662,
    "cohen_kappa": 0.9365486300272392
  }
}