{
  "test_metrics": {
    "accuracy": 0.38372093023255816,
    "precision": 0.306691370644859,
    "recall": 0.38372093023255816,
    "f1_score": 0.33694873298156475,
    "class_metrics": {
      "bhadawari": {
        "precision": 0.38095238095238093,
        "recall": 0.6153846153846154,
        "f1_score": 0.47058823529411764,
        "support": 13.0
      },
      "jaffarabadi": {
        "precision": 0.46153846153846156,
        "recall": 0.4,
        "f1_score": 0.42857142857142855,
        "support": 15.0
      },
      "mehsana": {
        "precision": 0.35,
        "recall": 0.5,
        "f1_score": 0.4117647058823529,
        "support": 14.0
      },
      "murrah": {
        "precision": 0.4,
        "recall": 0.5,
        "f1_score": 0.4444444444444444,
        "support": 24.0
      },
      "nili_ravi": {
        "precision": 0.0,
        "recall": 0.0,
        "f1_score": 0.0,
        "support": 13.0
      },
      "surti": {
        "precision": 0.0,
        "recall": 0.0,
        "f1_score": 0.0,
        "support": 7.0
      }
    }
  },
  "training_history": {
    "train_losses": [
      2.0324056884731125,
      1.7879070752042825,
      1.6445652123261483,
      1.6942319226203346,
      1.5590816385062165,
      1.5225472265435744,
      1.5021782127769727,
      1.54916989433673,
      1.553910462123171,
      1.4179461462861191
    ],
    "val_losses": [
      3.295094146284946,
      7.516561419464821,
      5.0829584321310355,
      1.7802308770113213,
      1.786350078360979,
      1.7634516510852547,
      1.817709817442783,
      1.975555791411289,
      2.6338030626607494,
      1.6972183903982474
    ],
    "train_accs": [
      0.25064599483204136,
      0.26098191214470284,
      0.35658914728682173,
      0.29457364341085274,
      0.3875968992248062,
      0.40826873385012924,
      0.4108527131782946,
      0.4186046511627907,
      0.39276485788113696,
      0.4418604651162791
    ],
    "val_accs": [
      0.23255813953488372,
      0.16279069767441862,
      0.11627906976744186,
      0.3488372093023256,
      0.4069767441860465,
      0.3023255813953488,
      0.3488372093023256,
      0.32558139534883723,
      0.18604651162790697,
      0.4069767441860465
    ],
    "best_epoch": 4,
    "best_val_acc": 0.4069767441860465
  },
  "class_names": [
    "bhadawari",
    "jaffarabadi",
    "mehsana",
    "murrah",
    "nili_ravi",
    "surti"
  ],
  "num_classes": 6,
  "model_architecture": "resnet18"
}