{
  "overall_accuracy": 98.84575026232949,
  "per_class_accuracy": {
    "gir": 99.71988795518207,
    "red_sindhi": 95.59748427672956,
    "sahiwal": 99.31350114416476
  },
  "top3_accuracy": 100.0,
  "classification_report": "              precision    recall  f1-score   support\n\n         gir      0.989     0.997     0.993       357\n  red_sindhi      0.974     0.956     0.965       159\n     sahiwal      0.993     0.993     0.993       437\n\n    accuracy                          0.988       953\n   macro avg      0.985     0.982     0.984       953\nweighted avg      0.988     0.988     0.988       953\n",
  "confusion_matrix": [
    [
      356,
      1,
      0
    ],
    [
      4,
      152,
      3
    ],
    [
      0,
      3,
      434
    ]
  ],
  "num_test_images": 953,
  "classes": [
    "gir",
    "red_sindhi",
    "sahiwal"
  ]
}