{
  "train_loss": [
    3.386116456985474,
    2.1868430852890013,
    1.7487521648406983,
    1.418384462594986,
    1.0960641503334045,
    1.0174609422683716,
    0.7938192546367645,
    0.654212212562561,
    0.6020909816026687,
    0.5199537545442581,
    0.5024107813835144,
    0.4763175517320633,
    0.42707580626010894,
    0.4038539618253708,
    0.41232196390628817,
    0.3846175640821457,
    0.3893500417470932,
    0.3805855542421341,
    0.3841182112693787,
    0.3766388803720474,
    0.37473280131816866,
    0.3870132267475128,
    0.37136958837509154,
    0.36719171702861786,
    0.35335949063301086,
    0.35274778008461,
    0.35615532994270327,
    0.3413562536239624
  ],
  "train_acc": [
    49.840255591054316,
    69.96805111821087,
    76.99680511182109,
    73.1629392971246,
    84.34504792332268,
    82.74760383386581,
    84.98402555910543,
    92.33226837060703,
    90.09584664536742,
    91.69329073482429,
    93.9297124600639,
    95.52715654952077,
    94.88817891373802,
    99.36102236421725,
    97.12460063897764,
    97.76357827476038,
    98.40255591054313,
    98.40255591054313,
    98.40255591054313,
    98.40255591054313,
    98.40255591054313,
    97.76357827476038,
    98.08306709265176,
    99.04153354632588,
    99.04153354632588,
    99.04153354632588,
    99.04153354632588,
    99.68051118210863
  ],
  "val_loss": [
    3.357672611872355,
    2.0432234605153403,
    1.6180846492449443,
    1.595115303993225,
    1.6179875532786052,
    1.6084238290786743,
    1.1164862910906475,
    1.1617621978123982,
    0.9286401073137919,
    0.7228540976842245,
    0.7170309623082479,
    0.6631821195284525,
    0.643392821153005,
    0.6645942330360413,
    0.6285042862097422,
    0.5461021761099497,
    0.545605311791102,
    0.5239742795626322,
    0.5374011894067129,
    0.5180590748786926,
    0.5262360672156016,
    0.5547306736310323,
    0.5108524560928345,
    0.5089846849441528,
    0.5144698222478231,
    0.4998394846916199,
    0.4930935303370158,
    0.49532297253608704
  ],
  "val_acc": [
    76.84210526315789,
    73.6842105263158,
    82.10526315789474,
    75.78947368421052,
    67.36842105263158,
    85.26315789473684,
    87.36842105263158,
    85.26315789473684,
    83.15789473684211,
    86.3157894736842,
    89.47368421052632,
    89.47368421052632,
    89.47368421052632,
    91.57894736842105,
    90.52631578947368,
    89.47368421052632,
    92.63157894736842,
    93.6842105263158,
    91.57894736842105,
    92.63157894736842,
    92.63157894736842,
    92.63157894736842,
    92.63157894736842,
    92.63157894736842,
    92.63157894736842,
    92.63157894736842,
    92.63157894736842,
    93.6842105263158
  ]
}