{
  "train_loss": [
    1.8270966805973832,
    0.6734768900336051,
    0.5290320947462198,
    0.4606648461551082,
    0.4296469703620794,
    0.41668508095400675,
    0.406175183398383,
    0.3999003019868111,
    0.394255238224049,
    0.3894704607676487,
    0.3918852404672272,
    0.39054627290793825,
    0.38224090210029055,
    0.38451108184396005,
    0.3812778257593817,
    0.38355779313311283,
    0.3764599357940713,
    0.37276492952084056,
    0.3709064898442249,
    0.3726126746255524
  ],
  "train_acc": [
    55.04,
    81.312,
    91.328,
    95.648,
    97.376,
    98.304,
    98.528,
    98.592,
    98.4,
    98.464,
    98.56,
    98.336,
    98.976,
    98.848,
    98.976,
    98.528,
    98.592,
    98.72,
    98.88,
    98.784
  ],
  "val_loss": [
    0.8486907939116161,
    0.5633346209923427,
    0.49924050917228063,
    0.4762927457690239,
    0.4577515666683515,
    0.4449881891409556,
    0.43673480252424873,
    0.4359292248884837,
    0.4358714893460274,
    0.4294690986474355,
    0.4234083339571953,
    0.42316531340281166,
    0.4293515716989835,
    0.42218494415283203,
    0.45667901684840523,
    0.4205478966236115,
    0.42214727650086087,
    0.4172254741191864,
    0.42345552196105324,
    0.4238013381759326
  ],
  "val_acc": [
    81.75105485232068,
    95.56962025316456,
    97.25738396624473,
    98.52320675105486,
    98.83966244725738,
    98.73417721518987,
    98.73417721518987,
    98.62869198312237,
    98.83966244725738,
    99.15611814345992,
    98.94514767932489,
    99.15611814345992,
    98.83966244725738,
    99.15611814345992,
    98.31223628691983,
    98.73417721518987,
    98.83966244725738,
    98.83966244725738,
    98.83966244725738,
    98.94514767932489
  ]
}